,title,author,upvotes,comments,links
0,Monday Megathread! Ask questions and share knowledge; newcomer questions encouraged!,AutoModerator,46,265,https://old.reddit.com/r/leagueoflegends/comments/r4l4et/monday_megathread_ask_questions_and_share/
1,2021 LCS and LEC Roster Rumors/Changes Megathread,TomShoe02,1231,1257,https://old.reddit.com/r/leagueoflegends/comments/qul38q/2021_lcs_and_lec_roster_rumorschanges_megathread/
2,Farewell League of Legends. Retiring From Old Age,cyberrico,5637,640,https://old.reddit.com/r/leagueoflegends/comments/r5qaiq/farewell_league_of_legends_retiring_from_old_age/
3,Jiizuke teamless for 2022,comfortably_noob,868,220,https://old.reddit.com/r/leagueoflegends/comments/r5xnx6/jiizuke_teamless_for_2022/
4,"Hideo Kojima praises Arcane, calling it the ""future of animation and CG!""",Wormic,531,54,https://old.reddit.com/r/leagueoflegends/comments/r60m2t/hideo_kojima_praises_arcane_calling_it_the_future/
5,Patch 11.24 Preview [Full Changes],MonstrousYi,582,747,https://old.reddit.com/r/leagueoflegends/comments/r5yule/patch_1124_preview_full_changes/
6,Why is pick order not random?,Nowlexx,5100,582,https://old.reddit.com/r/leagueoflegends/comments/r5kmw9/why_is_pick_order_not_random/
7,"Cloud9 part ways with Reignover, Mithy, Westrice",wby,492,72,https://old.reddit.com/r/leagueoflegends/comments/r5zcjw/cloud9_part_ways_with_reignover_mithy_westrice/
8,"Hey guys, I drew Caitlyn from Arcane!",VoidedEquinox,3031,86,https://old.reddit.com/r/leagueoflegends/comments/r5jj36/hey_guys_i_drew_caitlyn_from_arcane/
9,Twitch Prime capsule is now available.,ElementaryMyDearWut,622,172,https://old.reddit.com/r/leagueoflegends/comments/r5rsdv/twitch_prime_capsule_is_now_available/
10,it's weird that there is only 1 Corporate Skin,salasy,1907,279,https://old.reddit.com/r/leagueoflegends/comments/r5k5o7/its_weird_that_there_is_only_1_corporate_skin/
11,Official: Immortals Academy signs Chad,WFXFeary,544,27,https://old.reddit.com/r/leagueoflegends/comments/r5qzkr/official_immortals_academy_signs_chad/
12,Cloud9 Parts Ways With Westrice,raptearer,240,21,https://old.reddit.com/r/leagueoflegends/comments/r5w6ho/cloud9_parts_ways_with_westrice/
13,"Drew Arcane Jinx with coloured pencil, feedbacks welcome",asianguywill,445,28,https://old.reddit.com/r/leagueoflegends/comments/r5q0eb/drew_arcane_jinx_with_coloured_pencil_feedbacks/
14,I made Jayce's hammer from Arcane in 3D,Watashy,593,34,https://old.reddit.com/r/leagueoflegends/comments/r5nik3/i_made_jayces_hammer_from_arcane_in_3d/
15,"If there is truly a game not worth playing in ultimate spellbook, it has to be a game against a double karthus ult game.",Koioua,560,176,https://old.reddit.com/r/leagueoflegends/comments/r5mrcn/if_there_is_truly_a_game_not_worth_playing_in/
16,The social anxiety when you have a good game with someone and you both want to invite each other to a game but also just wanna grind solo,hameee,286,44,https://old.reddit.com/r/leagueoflegends/comments/r5qln0/the_social_anxiety_when_you_have_a_good_game_with/
17,[Official] CLG Academy Roster,Darkforces134,185,45,https://old.reddit.com/r/leagueoflegends/comments/r5tb63/official_clg_academy_roster/
18,Chemtech Soul having the same symbol as Guardian Angel needs to get changed for clarity's sake,Levstar,71,4,https://old.reddit.com/r/leagueoflegends/comments/r60b2n/chemtech_soul_having_the_same_symbol_as_guardian/
19,"Hi, I painted Arcane League of legends Jinx.",noobishnoobtuber,429,14,https://old.reddit.com/r/leagueoflegends/comments/r5m9xq/hi_i_painted_arcane_league_of_legends_jinx/
20,Golden Guardians announces LCS Coaching Staff,CamHack420,51,19,https://old.reddit.com/r/leagueoflegends/comments/r5zaz1/golden_guardians_announces_lcs_coaching_staff/
21,Patch 11.24 Patch Preview with Tentative Changes,TheLonelyLighthouse1,49,60,https://old.reddit.com/r/leagueoflegends/comments/r5ytic/patch_1124_patch_preview_with_tentative_changes/
22,Patch 11.24 Preview,MonstrousYi,2675,1747,https://old.reddit.com/r/leagueoflegends/comments/r59oeq/patch_1124_preview/
23,I did the math on how much RP/USD it would cost to purchase everything currently in the shop.,MetroidMaster64,26,8,https://old.reddit.com/r/leagueoflegends/comments/r5z2y9/i_did_the_math_on_how_much_rpusd_it_would_cost_to/
24,I Think the Honor System could be Improved,darkboomel,44,20,https://old.reddit.com/r/leagueoflegends/comments/r5t509/i_think_the_honor_system_could_be_improved/
25,"The upcoming Debonair skinline looks so bad and formulaic like the rest of the recent ""revamp old skin lines"" gimmick riot has been doing.",Hey-I-Read-It,1997,421,https://old.reddit.com/r/leagueoflegends/comments/r54qnr/the_upcoming_debonair_skinline_looks_so_bad_and/
26,Pulling monsters in jungle?,Savantexe,16,13,https://old.reddit.com/r/leagueoflegends/comments/r5zljc/pulling_monsters_in_jungle/
27,Couple of updates on the RiotxArcane.com site,RunnyFodder,1217,104,https://old.reddit.com/r/leagueoflegends/comments/r57zyu/couple_of_updates_on_the_riotxarcanecom_site/
28,Official: Immortals announced coaching staff,Questica,12,6,https://old.reddit.com/r/leagueoflegends/comments/r60frk/official_immortals_announced_coaching_staff/
29,The level is rising in NA cause of Academies ?,Blakjaxks,23,12,https://old.reddit.com/r/leagueoflegends/comments/r5vfv4/the_level_is_rising_in_na_cause_of_academies/
30,PSA: Essence Emporium ends on 1st of December 2021!,Not_Really-Me,481,89,https://old.reddit.com/r/leagueoflegends/comments/r5cu17/psa_essence_emporium_ends_on_1st_of_december_2021/
31,"As a dota player, Arcane changes my opinion about LOL",snkhuong,377,268,https://old.reddit.com/r/leagueoflegends/comments/r5e95d/as_a_dota_player_arcane_changes_my_opinion_about/
32,Do pro players have to switch their peripherals depending on who sponsors the team?,swigganicks,30,10,https://old.reddit.com/r/leagueoflegends/comments/r5smxx/do_pro_players_have_to_switch_their_peripherals/
33,New player- what am I missing?,can-someone-explain,12,14,https://old.reddit.com/r/leagueoflegends/comments/r5zry1/new_player_what_am_i_missing/
34,I drew Jinx and Vi!!,JamesExca,0,0,https://old.reddit.com/r/leagueoflegends/comments/r635a8/i_drew_jinx_and_vi/
35,KCORP reveals their roster,HoloHuni,1289,300,https://old.reddit.com/r/leagueoflegends/comments/r54gxo/kcorp_reveals_their_roster/
36,Chemtech Anivia / Zaunivia (fanart),StopDropRollDie,659,38,https://old.reddit.com/r/leagueoflegends/comments/r58m8f/chemtech_anivia_zaunivia_fanart/
37,"T1's CEO Joe Marsh about roster/coaches, Canna, Aespa and more about their off season",OPMBlast,828,163,https://old.reddit.com/r/leagueoflegends/comments/r56p80/t1s_ceo_joe_marsh_about_rostercoaches_canna_aespa/
38,Possible new champ in the future?,Exodiachaos,2506,195,https://old.reddit.com/r/leagueoflegends/comments/r4zpdr/possible_new_champ_in_the_future/
39,Irelia Portrait Art by Me,weijianwoo,0,1,https://old.reddit.com/r/leagueoflegends/comments/r639np/irelia_portrait_art_by_me/
40,2022 season of the LFL will be broadcasted in English on NorthernArena's Twitch channel,Canarchyst,531,39,https://old.reddit.com/r/leagueoflegends/comments/r5847b/2022_season_of_the_lfl_will_be_broadcasted_in/
41,Dragon soul should be revealed in champ select,ThePreposterousPear,129,73,https://old.reddit.com/r/leagueoflegends/comments/r5gyfc/dragon_soul_should_be_revealed_in_champ_select/
42,Arcane Easter Egg on the True Damage Music,jwolff321,0,0,https://old.reddit.com/r/leagueoflegends/comments/r62e34/arcane_easter_egg_on_the_true_damage_music/
43,One of Dr. Mundo's Series 1 Eternals are for his pre-rework W Ability,quasarito,12,3,https://old.reddit.com/r/leagueoflegends/comments/r5v7ql/one_of_dr_mundos_series_1_eternals_are_for_his/
44,I need help!,SigmA_DarkKnight,26,12,https://old.reddit.com/r/leagueoflegends/comments/r5p759/i_need_help/
45,Why do you think pro gaming careers are so short lived?,JRoyales,13,24,https://old.reddit.com/r/leagueoflegends/comments/r5tdad/why_do_you_think_pro_gaming_careers_are_so_short/
46,Fanart VEX league of legends,ErickArti,5,1,https://old.reddit.com/r/leagueoflegends/comments/r61a99/fanart_vex_league_of_legends/
47,I ran some League of legends Skin- and Champion names through an A.I.-based art generator and here are some of the results,TheRivenLegend,14,12,https://old.reddit.com/r/leagueoflegends/comments/r5s9hf/i_ran_some_league_of_legends_skin_and_champion/
48,What skins do you think most successfully change the feel of playing a champion?,rfkannen,0,0,https://old.reddit.com/r/leagueoflegends/comments/r62qah/what_skins_do_you_think_most_successfully_change/
49,Ever since the preseason patch hit this game feels really weird for me...,LeagueofLagginz,0,2,https://old.reddit.com/r/leagueoflegends/comments/r62n6d/ever_since_the_preseason_patch_hit_this_game/
50,"""Don't cry. You're perfect."" - Jinx fan art by @noirberrico",Aumbra,18,4,https://old.reddit.com/r/leagueoflegends/comments/r5pckv/dont_cry_youre_perfect_jinx_fan_art_by_noirberrico/
51,Do all legendary skins that have 2 versions discount if you own one?,Ok-Control-3394,0,4,https://old.reddit.com/r/leagueoflegends/comments/r62aor/do_all_legendary_skins_that_have_2_versions/
52,Damwon will reveal roster in Dec. 1 5PM(8AM GMT),Oplose,119,48,https://old.reddit.com/r/leagueoflegends/comments/r5erex/damwon_will_reveal_roster_in_dec_1_5pm8am_gmt/
53,who was the mage who saved jayce and his mom in arcane?,FillHuman3902,9,60,https://old.reddit.com/r/leagueoflegends/comments/r5t25z/who_was_the_mage_who_saved_jayce_and_his_mom_in/
54,"""CHEM"" censored",TheCrimdelacrim,0,1,https://old.reddit.com/r/leagueoflegends/comments/r62vx9/chem_censored/
55,New to league. Looking for tips!,MagicKing361,23,23,https://old.reddit.com/r/leagueoflegends/comments/r5mi7h/new_to_league_looking_for_tips/
56,Any news on the prestige point shop / rework?,Screamzvevo,4,3,https://old.reddit.com/r/leagueoflegends/comments/r5zv79/any_news_on_the_prestige_point_shop_rework/
57,No PBE patch today?,hurts2think,0,0,https://old.reddit.com/r/leagueoflegends/comments/r62jh2/no_pbe_patch_today/
58,Jinx | Arcane Fanart,chriiyokoh,0,0,https://old.reddit.com/r/leagueoflegends/comments/r623c0/jinx_arcane_fanart/
59,First experience on league,Honeyboyyyyyyy,46,42,https://old.reddit.com/r/leagueoflegends/comments/r5hqkm/first_experience_on_league/
60,December Prime Capsule removed from website,Kipopopa,8,8,https://old.reddit.com/r/leagueoflegends/comments/r5ss6y/december_prime_capsule_removed_from_website/
61,Why can't dead characters be in League?,papaz1,3508,826,https://old.reddit.com/r/leagueoflegends/comments/r4r1xm/why_cant_dead_characters_be_in_league/
62,Golden guardians academy,2012minecraft,286,72,https://old.reddit.com/r/leagueoflegends/comments/r5685w/golden_guardians_academy/
63,Fan 3D Concept : Air Jordan 1 - Counselor Jayce,GuillaumeArt,2,2,https://old.reddit.com/r/leagueoflegends/comments/r611ub/fan_3d_concept_air_jordan_1_counselor_jayce/
64,Fan 3D Concept : Air Jordan 1 - Get Jinxed,GuillaumeArt,2,7,https://old.reddit.com/r/leagueoflegends/comments/r60w7o/fan_3d_concept_air_jordan_1_get_jinxed/
65,Which champion do you hate to see the most on your team?,bruhb21,3,24,https://old.reddit.com/r/leagueoflegends/comments/r60kgf/which_champion_do_you_hate_to_see_the_most_on/
66,Caitlyn's new walking animations feel a bit weird.,Aomzeiksel,7,3,https://old.reddit.com/r/leagueoflegends/comments/r5tuih/caitlyns_new_walking_animations_feel_a_bit_weird/
67,League tutorial needs to be improved,yinnx,757,156,https://old.reddit.com/r/leagueoflegends/comments/r4xpfv/league_tutorial_needs_to_be_improved/
68,"why does it feel like ap items are far, far more powerful then ad items.",Gang-Weeder-420,0,3,https://old.reddit.com/r/leagueoflegends/comments/r63hb2/why_does_it_feel_like_ap_items_are_far_far_more/
69,Lethal tempo change for melee is a joke,DeleteAllWeebs,0,1,https://old.reddit.com/r/leagueoflegends/comments/r63cus/lethal_tempo_change_for_melee_is_a_joke/
70,"Which role has the least game impact, a medicore stats analysis of #1 KR/EUW/NA ladder player games",WintersEnvoy,9,14,https://old.reddit.com/r/leagueoflegends/comments/r5oh65/which_role_has_the_least_game_impact_a_medicore/
71,Who do you think is likely to appear in Season 2 or arcane?,legendsofold,0,1,https://old.reddit.com/r/leagueoflegends/comments/r63a6s/who_do_you_think_is_likely_to_appear_in_season_2/
72,What is nexus.leagueoflegends.com used for?,CatInternal7830,0,0,https://old.reddit.com/r/leagueoflegends/comments/r63530/what_is_nexusleagueoflegendscom_used_for/
73,Are there any builds similar to the old magic pen builds you used to be able to do 2+ years ago?,Quasimdo,0,0,https://old.reddit.com/r/leagueoflegends/comments/r634at/are_there_any_builds_similar_to_the_old_magic_pen/
74,Wrong loot from Prime Gaming capsule,Shivyyy,0,1,https://old.reddit.com/r/leagueoflegends/comments/r633zi/wrong_loot_from_prime_gaming_capsule/
75,How to beat nocturne in 1V1 on aram map??,skynod,0,2,https://old.reddit.com/r/leagueoflegends/comments/r62qdm/how_to_beat_nocturne_in_1v1_on_aram_map/
76,Ashe meta in pro play? (Semi serious),StormFalcon7,0,3,https://old.reddit.com/r/leagueoflegends/comments/r62ktr/ashe_meta_in_pro_play_semi_serious/
77,Ionia (chinese server) vs EUW - 6 cool client differences (after a week of playing),moon_euw,240,78,https://old.reddit.com/r/leagueoflegends/comments/r53i8y/ionia_chinese_server_vs_euw_6_cool_client/
78,I donâ€™t find League fun at all(even tho i desperately want to),hyniel,0,18,https://old.reddit.com/r/leagueoflegends/comments/r6243x/i_dont_find_league_fun_at_alleven_tho_i/
79,Fixing League's tutorial,Zoaiy,19,9,https://old.reddit.com/r/leagueoflegends/comments/r5jqua/fixing_leagues_tutorial/
80,Why am i ineligible to complete tutorial missions,GbR_SentineL,3,1,https://old.reddit.com/r/leagueoflegends/comments/r5x570/why_am_i_ineligible_to_complete_tutorial_missions/
81,Game Mode Ideas centered around Level 1 Invasion + Elimination,LoneParticle,0,1,https://old.reddit.com/r/leagueoflegends/comments/r61ypd/game_mode_ideas_centered_around_level_1_invasion/
82,How do I use Pantheons Passive ability?,Ok_Outlandishness372,0,7,https://old.reddit.com/r/leagueoflegends/comments/r61w1u/how_do_i_use_pantheons_passive_ability/
83,"If you won 100 games in a row starting from Iron 4, how close would you get to challenger?",According-Anybody508,0,6,https://old.reddit.com/r/leagueoflegends/comments/r61r5z/if_you_won_100_games_in_a_row_starting_from_iron/
84,LoL Esports College Project,JustSomeRandomGuy21,0,0,https://old.reddit.com/r/leagueoflegends/comments/r61plx/lol_esports_college_project/
85,Almost 2022 and we still can't gift Chromas to friends,Fareeday,99,15,https://old.reddit.com/r/leagueoflegends/comments/r58wye/almost_2022_and_we_still_cant_gift_chromas_to/
86,Noob Question,FEAR_theREDMAN,4,3,https://old.reddit.com/r/leagueoflegends/comments/r5t5f6/noob_question/
87,A drawing of Arcane's badass sisters in fight mode!,miennu,273,5,https://old.reddit.com/r/leagueoflegends/comments/r50qul/a_drawing_of_arcanes_badass_sisters_in_fight_mode/
88,Problem with replays,Illustrious-Log6627,4,0,https://old.reddit.com/r/leagueoflegends/comments/r5sknn/problem_with_replays/
89,Arcane Loading Screen Wallpaper,ReclusiveEagle,10,6,https://old.reddit.com/r/leagueoflegends/comments/r5ldn6/arcane_loading_screen_wallpaper/
90,I feel really bad playing League of Legends.,bsrbita,68,121,https://old.reddit.com/r/leagueoflegends/comments/r5a65o/i_feel_really_bad_playing_league_of_legends/
91,Mystery Icon (Blue Essence purchasable) on the store - Can it drop old LCS icons?,AndersonKalista,1,3,https://old.reddit.com/r/leagueoflegends/comments/r60fu9/mystery_icon_blue_essence_purchasable_on_the/
92,Would you be okay for an Earthbound styled champion? (Visually speaking on their design and VFX),BulletCola,1,2,https://old.reddit.com/r/leagueoflegends/comments/r5ztrc/would_you_be_okay_for_an_earthbound_styled/
93,Conquerer should work like Riftmaker,6gpdgeu58,10,34,https://old.reddit.com/r/leagueoflegends/comments/r5l8zs/conquerer_should_work_like_riftmaker/
94,Official: Immortals Academy signs Concept,Questica,97,9,https://old.reddit.com/r/leagueoflegends/comments/r56gkl/official_immortals_academy_signs_concept/
95,It would be really nice if there was some other way to get chests besides being ranked S after the match,Aeiou-Senpai,2,6,https://old.reddit.com/r/leagueoflegends/comments/r5z5tf/it_would_be_really_nice_if_there_was_some_other/
96,Matchmaking has been dropping the ball recently,DeleteAllWeebs,0,0,https://old.reddit.com/r/leagueoflegends/comments/r635ww/matchmaking_has_been_dropping_the_ball_recently/
97,Velkoz Photoshop that im working at atm,Most_Ad_2676,40,11,https://old.reddit.com/r/leagueoflegends/comments/r5c2ze/velkoz_photoshop_that_im_working_at_atm/
98,"As someone who grow up with League, I wish the game is fun like it use to be.",LoseToImprove,0,0,https://old.reddit.com/r/leagueoflegends/comments/r62z4q/as_someone_who_grow_up_with_league_i_wish_the/
99,Looking for a certain LCS game with a specific Commentary,TV_Toshi,5,4,https://old.reddit.com/r/leagueoflegends/comments/r5mm8r/looking_for_a_certain_lcs_game_with_a_specific/
100,Tips for playing without locked camera?,rshlee3,19,36,https://old.reddit.com/r/leagueoflegends/comments/r5g8tq/tips_for_playing_without_locked_camera/
101,Blaber's Crabbers vs Bwingpo / NA In-House Tournament Finals / Post-Match Discussion,ShadyGecko,2088,277,https://old.reddit.com/r/leagueoflegends/comments/r4n3m7/blabers_crabbers_vs_bwingpo_na_inhouse_tournament/
102,"Dragon Trainer Tristana fanart, school project :)",sopoky1,102,5,https://old.reddit.com/r/leagueoflegends/comments/r54uuj/dragon_trainer_tristana_fanart_school_project/
103,Immortal and Tempo need to be nerfed.,leaf_kiddo,0,8,https://old.reddit.com/r/leagueoflegends/comments/r5wunz/immortal_and_tempo_need_to_be_nerfed/
104,"How does everyone feel about Akshan, now that he's been out for a while and hasn't been changed in a few patches?",goatman0079,38,102,https://old.reddit.com/r/leagueoflegends/comments/r5af5j/how_does_everyone_feel_about_akshan_now_that_hes/
105,Newbie here. Can't unlock 5v5,funky_jeans,4,10,https://old.reddit.com/r/leagueoflegends/comments/r5oju0/newbie_here_cant_unlock_5v5/
106,new to league here need some recomendations,Worldly_Form9458,1,5,https://old.reddit.com/r/leagueoflegends/comments/r5wa06/new_to_league_here_need_some_recomendations/
107,"Is there a way to change ""show target"" from left click to right click?",shaidyn,1,2,https://old.reddit.com/r/leagueoflegends/comments/r5w77l/is_there_a_way_to_change_show_target_from_left/
108,S12 placement questions,shrimpdikc,0,2,https://old.reddit.com/r/leagueoflegends/comments/r5w4s5/s12_placement_questions/
109,Making the switch from pracicing in coop to real games,mbirkl,0,5,https://old.reddit.com/r/leagueoflegends/comments/r5w1s1/making_the_switch_from_pracicing_in_coop_to_real/
